fish_indiv,date,anem_id,old_anem_id,anem_obs,second_year,later_year
NA,NA,NA,NA,NA,NA,NA
2,16244,584,NA,24,TRUE,NA
2,16957,2072,NA,229,TRUE,NA
3,16593,1305,NA,117,FALSE,TRUE
3,16946,2295,698,378,FALSE,TRUE
4,16245,634,NA,664,FALSE,TRUE
4,16967,2579,NA,480,FALSE,TRUE
5,16243,561,NA,871,TRUE,NA
5,16600,2172,NA,272,TRUE,NA
6,16245,662,NA,707,FALSE,TRUE
6,16585,2021,884,195,FALSE,TRUE
7,16243,551,NA,NA,FALSE,FALSE
7,16600,1009,NA,7,FALSE,FALSE
8,16228,284,NA,106,NA,NA
8,16583,801,NA,1004,NA,NA
8,16932,1284,NA,106,NA,NA
8,16948,2314,NA,396,NA,NA
10,16243,555,NA,867,TRUE,NA
10,16600,559,NA,869,TRUE,NA
11,16243,551,NA,NA,FALSE,FALSE
11,16600,764,NA,986,FALSE,FALSE
13,16238,492,NA,823,NA,NA
13,16584,2005,NA,182,NA,NA
13,16934,2005,NA,182,NA,NA
14,15856,258,NA,NA,NA,NA
14,16584,726,NA,299,NA,NA
14,16935,2203,726,299,NA,NA
14,16966,2203,NA,299,NA,NA
14,17302,2002,NA,179,NA,NA
14,17597,2203,NA,299,NA,NA
14,17621,2203,NA,299,NA,NA
16,16234,420,NA,504,TRUE,NA
16,16585,909,NA,769,TRUE,NA
20,16244,626,NA,913,TRUE,NA
20,16586,2025,NA,198,TRUE,NA
21,16243,559,NA,869,TRUE,NA
21,16600,1153,NA,75,TRUE,NA
24,16600,533,NA,846,FALSE,TRUE
24,16933,2181,1018,279,FALSE,TRUE
25,15857,287,NA,NA,NA,NA
25,16228,375,NA,NA,NA,NA
26,16243,552,NA,864,NA,NA
26,16600,552,NA,864,NA,NA
27,16243,556,NA,7,NA,NA
27,16600,1009,NA,7,NA,NA
153,16587,2059,NA,NA,FALSE,FALSE
153,16955,2060,NA,222,FALSE,FALSE
1021,16595,2136,NA,246,TRUE,NA
1021,16961,2554,NA,468,TRUE,NA
281,16245,654,NA,932,TRUE,NA
281,16587,1144,NA,71,TRUE,NA
281,17328,2907,NA,673,TRUE,NA
299,16234,426,NA,443,NA,NA
299,16585,426,NA,443,NA,NA
302,16244,622,NA,NA,NA,NA
302,16584,949,NA,1069,NA,NA
302,16935,2204,NA,300,NA,NA
302,16966,2203,NA,299,NA,NA
302,17597,2204,NA,300,NA,NA
302,17621,2203,NA,299,NA,NA
323,16243,531,NA,NA,NA,NA
323,17322,2813,319,NA,NA,NA
337,16244,625,NA,198,NA,NA
337,16586,2025,NA,198,NA,NA
1967,16934,2198,NA,293,TRUE,NA
1967,17305,2214,NA,309,TRUE,NA
372,15851,85,NA,NA,FALSE,FALSE
372,16237,449,NA,792,FALSE,FALSE
961,15859,307,NA,NA,NA,NA
961,16243,557,NA,NA,NA,NA
433,15860,339,NA,NA,FALSE,FALSE
433,16586,1131,NA,61,FALSE,FALSE
517,16243,535,NA,848,NA,NA
517,16600,535,NA,848,NA,NA
527,16244,623,NA,NA,FALSE,FALSE
527,16586,2039,NA,211,FALSE,FALSE
532,16244,612,NA,905,FALSE,FALSE
532,16942,2289,NA,372,FALSE,FALSE
535,16233,402,NA,276,NA,NA
535,16599,402,NA,276,NA,NA
570,16232,387,187,742,FALSE,FALSE
570,16591,871,NA,341,FALSE,FALSE
574,16239,508,NA,834,TRUE,NA
574,16590,1372,NA,143,TRUE,NA
578,16244,620,NA,50,TRUE,NA
578,16587,2045,NA,217,TRUE,NA
689,16244,622,NA,NA,FALSE,FALSE
689,16587,1082,NA,41,FALSE,FALSE
705,16245,636,NA,920,TRUE,NA
705,16586,2024,NA,197,TRUE,NA
738,16238,497,NA,496,FALSE,TRUE
738,16584,2014,NA,191,FALSE,TRUE
753,16243,559,NA,869,NA,NA
753,16600,559,NA,869,NA,NA
779,16237,453,79,796,TRUE,NA
779,16595,452,NA,795,TRUE,NA
783,16243,536,NA,849,NA,NA
783,16600,536,NA,849,NA,NA
1016,16591,692,NA,947,FALSE,FALSE
1016,16958,2504,NA,451,FALSE,FALSE
1015,16591,930,NA,452,NA,NA
1015,16958,2505,930,452,NA,NA
970,16244,625,NA,198,TRUE,NA
970,16586,2040,NA,NA,TRUE,NA
1013,16595,2135,NA,245,NA,NA
1013,16961,2135,NA,245,NA,NA
1019,16585,938,NA,1059,NA,NA
1019,16966,2218,NA,313,NA,NA
1019,17305,2218,NA,313,NA,NA
1019,17594,2218,NA,313,NA,NA
1020,16590,2115,NA,NA,NA,NA
1020,16952,2426,NA,NA,NA,NA
1022,16583,776,NA,390,NA,NA
1022,16948,2309,NA,390,NA,NA
1022,17298,2309,NA,390,NA,NA
1022,17330,2309,NA,390,NA,NA
1022,17619,2311,NA,393,NA,NA
1023,16583,801,NA,1004,TRUE,NA
1023,16948,2314,NA,396,TRUE,NA
1023,17325,2311,NA,393,TRUE,NA
1023,17593,2309,776,390,TRUE,NA
1024,16933,2161,NA,264,NA,NA
1024,16959,2161,NA,264,NA,NA
1025,16587,2046,NA,NA,FALSE,FALSE
1025,17299,2585,NA,50,FALSE,FALSE
1026,16585,912,NA,442,NA,NA
1026,17301,2485,NA,439,NA,NA
1026,17594,2485,915,439,NA,NA
1028,15859,320,NA,NA,NA,NA
1028,16237,468,NA,466,NA,NA
1028,16599,468,NA,466,NA,NA
1028,17630,2550,NA,466,NA,NA
1029,16244,628,NA,915,TRUE,NA
1029,16586,2041,NA,213,TRUE,NA
1029,16942,2038,NA,210,TRUE,NA
1029,17599,2886,625,198,TRUE,NA
1030,16243,533,NA,846,NA,NA
1030,16600,534,NA,624,NA,NA
1030,17322,2826,534,624,NA,NA
1031,16237,451,73,794,NA,NA
1031,16595,451,NA,794,NA,NA
1031,16961,2559,NA,NA,NA,NA
1036,16234,434,110,477,NA,NA
1036,16585,938,NA,1059,NA,NA
1036,16966,2218,NA,313,NA,NA
1036,17305,2218,NA,313,NA,NA
1036,17594,2218,NA,313,NA,NA
1037,16584,2002,NA,179,NA,NA
1037,16966,2002,NA,179,NA,NA
1044,16245,654,NA,932,TRUE,NA
1044,16586,1134,NA,64,TRUE,NA
1044,17328,2890,625,198,TRUE,NA
1046,16245,636,NA,920,TRUE,NA
1046,16586,2024,NA,197,TRUE,NA
1046,17328,2894,1138,66,TRUE,NA
1046,17599,2903,1140,670,TRUE,NA
2213,16597,2151,NA,256,TRUE,NA
2213,16959,2153,NA,258,TRUE,NA
1102,16959,2542,NA,NA,FALSE,FALSE
1102,17319,2768,778,585,FALSE,FALSE
1113,16955,2458,NA,419,NA,NA
1113,17300,2607,NA,NA,NA,NA
1113,17598,2968,NA,700,NA,NA
1113,17626,2968,NA,700,NA,NA
1116,16956,2473,597,430,NA,NA
1116,17316,2725,NA,573,NA,NA
1116,17316,2729,NA,577,NA,NA
1116,17622,2729,NA,577,NA,NA
1128,16955,2465,601,NA,FALSE,FALSE
1128,17327,2060,NA,222,FALSE,FALSE
1128,17600,2864,NA,650,FALSE,FALSE
2096,16243,563,NA,873,NA,NA
2096,16600,563,NA,873,NA,NA
2096,17606,2172,NA,272,NA,NA
1154,16585,921,NA,1053,FALSE,FALSE
1154,17305,2631,919,1051,FALSE,FALSE
1162,16584,478,NA,510,NA,NA
1162,16936,2220,957,316,NA,NA
1162,16966,2220,NA,316,NA,NA
1162,17305,2216,NA,311,NA,NA
1162,17594,2216,476,311,NA,NA
1171,16955,2464,NA,423,NA,NA
1171,17600,2464,NA,423,NA,NA
1178,16585,915,NA,439,TRUE,NA
1178,16957,2477,878,433,TRUE,NA
2052,16243,553,NA,865,TRUE,NA
2052,16600,574,NA,882,TRUE,NA
1191,16949,2316,NA,398,NA,NA
1191,16968,2316,NA,398,NA,NA
1193,16584,2006,NA,183,TRUE,NA
1193,16934,2003,NA,180,TRUE,NA
1193,17301,2613,NA,496,TRUE,NA
1208,16583,1288,NA,109,FALSE,FALSE
1208,16940,2274,NA,NA,FALSE,FALSE
2135,16243,536,NA,849,TRUE,NA
2135,16600,1005,NA,5,TRUE,NA
1239,16588,2086,NA,NA,FALSE,FALSE
1239,16951,2412,1092,44,FALSE,FALSE
1243,16584,1033,NA,19,NA,NA
1243,16934,1033,NA,19,NA,NA
1243,17306,2642,NA,518,NA,NA
1243,17328,2642,NA,518,NA,NA
1243,17597,2642,493,518,NA,NA
1243,17621,2642,NA,518,NA,NA
1250,16584,949,NA,1069,NA,NA
1250,16935,2205,948,301,NA,NA
1250,16966,2205,NA,301,NA,NA
1250,17302,2622,NA,NA,NA,NA
1250,17302,2205,NA,301,NA,NA
1250,17597,2205,948,301,NA,NA
1250,17621,2205,948,301,NA,NA
1263,16584,1026,NA,13,NA,NA
1263,16935,1026,NA,13,NA,NA
1263,16966,2566,950,472,NA,NA
1271,16938,1282,NA,105,TRUE,NA
1271,16952,2254,NA,345,TRUE,NA
1275,16954,2433,933,411,NA,NA
1275,17614,2433,NA,411,NA,NA
1280,16584,948,NA,301,NA,NA
1280,16935,2205,948,301,NA,NA
1280,17302,2205,NA,301,NA,NA
1280,17597,2566,NA,472,NA,NA
1283,16584,132,NA,128,NA,NA
1283,16934,2191,NA,286,NA,NA
1283,16966,2192,NA,287,NA,NA
1283,17302,2002,NA,179,NA,NA
1283,17597,2002,NA,179,NA,NA
1283,17621,2002,NA,179,NA,NA
1284,16952,2422,NA,NA,NA,NA
1284,17614,3182,NA,NA,NA,NA
2054,16243,556,NA,7,TRUE,NA
2054,16600,1192,NA,82,TRUE,NA
1307,16956,2480,1122,56,FALSE,FALSE
1307,17316,2724,337?,572,FALSE,FALSE
1317,16588,2089,NA,NA,NA,NA
1317,16952,2420,NA,NA,NA,NA
1331,16940,2271,1286,359,NA,NA
1331,17311,2271,NA,359,NA,NA
1335,16967,2037,NA,209,FALSE,FALSE
1335,17622,3217,NA,NA,FALSE,FALSE
1362,16938,2250,904,343,NA,NA
1362,16967,2250,NA,343,NA,NA
1366,16946,2299,NA,380,NA,NA
1366,17314,2299,NA,380,NA,NA
1366,17325,2299,NA,380,NA,NA
1366,17615,2299,NA,380,NA,NA
1368,16938,2253,1278,344,NA,NA
1368,16952,2253,NA,344,NA,NA
1371,16933,2187,NA,283,NA,NA
1371,17321,2187,NA,283,NA,NA
1371,17601,2187,NA,283,NA,NA
1372,16942,2294,NA,377,TRUE,NA
1372,17328,2905,NA,NA,TRUE,NA
1373,16935,2206,128,104,NA,NA
1373,17302,2621,NA,503,NA,NA
1373,17595,2014,NA,191,NA,NA
1373,17607,2014,NA,191,NA,NA
2133,16243,550,NA,863,NA,NA
2133,16600,550,NA,863,NA,NA
2211,16586,1143,NA,70,FALSE,TRUE
2211,16942,2028,NA,200,FALSE,TRUE
1383,16938,2254,NA,345,NA,NA
1383,16952,2254,NA,345,NA,NA
1385,16940,2274,NA,NA,FALSE,FALSE
1385,17311,2667,NA,538,FALSE,FALSE
1399,16939,2269,397,356,NA,NA
1399,17326,2269,NA,356,NA,NA
1400,16933,2179,810,277,NA,NA
1400,17321,2179,NA,277,NA,NA
1400,17601,2179,810,277,NA,NA
1415,16940,1351,NA,140,TRUE,NA
1415,17308,2661,NA,533,TRUE,NA
1417,16935,2008,NA,185,NA,NA
1417,17301,2202,NA,298,NA,NA
1417,17301,2008,NA,185,NA,NA
1417,17305,2008,NA,185,NA,NA
1417,17328,2008,NA,185,NA,NA
1417,17595,2008,NA,185,NA,NA
1417,17607,2008,NA,185,NA,NA
1417,17621,2008,NA,185,NA,NA
1426,16942,2284,NA,40,NA,NA
1426,16967,2284,NA,40,NA,NA
1433,16933,2186,NA,282,FALSE,FALSE
1433,17608,2175,NA,274,FALSE,FALSE
1441,16599,762,NA,266,NA,NA
1441,17322,2819,762,266,NA,NA
1754,16586,1079,NA,38,FALSE,FALSE
1754,16942,2288,NA,371,FALSE,FALSE
1459,16940,1271,NA,101,FALSE,FALSE
1459,17308,2281,NA,364,FALSE,FALSE
1461,16948,2312,NA,394,TRUE,NA
1461,17311,2313,NA,395,TRUE,NA
1461,17619,2669,NA,540,TRUE,NA
1468,16957,2069,NA,227,FALSE,FALSE
1468,17611,2702,NA,561,FALSE,FALSE
1470,16957,2495,NA,406,FALSE,FALSE
1470,17600,3008,2494,NA,FALSE,FALSE
1474,16957,2495,240,406,FALSE,FALSE
1474,17316,2715,NA,564,FALSE,FALSE
1477,16585,419,NA,769,NA,NA
1477,16937,2238,359,333,NA,NA
1477,16957,423,NA,772,NA,NA
1477,17594,2238,NA,333,NA,NA
1478,16957,2498,NA,NA,NA,NA
1478,17316,2710,1048,NA,NA,NA
1478,17600,3010,NA,NA,NA,NA
1478,17611,3166,NA,NA,NA,NA
1481,16957,2490,428,444,NA,NA
1481,17301,2490,NA,444,NA,NA
1481,17306,2489,NA,443,NA,NA
1481,17595,2489,426,443,NA,NA
1491,17608,3117,NA,718,NA,NA
1491,17630,3117,NA,718,NA,NA
1529,17612,2279,NA,361,TRUE,NA
1529,17631,3172,NA,100,TRUE,NA
2212,16600,536,NA,849,TRUE,NA
2212,17602,3030,1159,NA,TRUE,NA
1588,17605,2877,NA,654,TRUE,NA
1588,17620,3207,NA,NA,TRUE,NA
2170,16243,573,NA,881,FALSE,FALSE
2170,17606,3082,NA,NA,FALSE,FALSE
1659,16935,2209,NA,304,NA,NA
1659,17306,2640,1033,19,NA,NA
1659,17328,2642,NA,518,NA,NA
1659,17621,2642,NA,518,NA,NA
1663,17298,2309,NA,390,NA,NA
1663,17330,2309,NA,390,NA,NA
1668,17299,2596,NA,489,TRUE,NA
1668,17328,2585,NA,50,TRUE,NA
1668,17598,2967,NA,NA,TRUE,NA
1669,17299,2560,NA,NA,FALSE,FALSE
1669,17328,2585,NA,50,FALSE,FALSE
1669,17599,2041,NA,213,FALSE,FALSE
1669,17626,2892,NA,667,FALSE,FALSE
1671,17299,2038,NA,210,NA,NA
1671,17300,1063,NA,33,NA,NA
1671,17328,2579,NA,480,NA,NA
1671,17598,2887,NA,663,NA,NA
1671,17599,2885,NA,661,NA,NA
1671,17599,2988,NA,NA,NA,NA
1671,17622,2965,181,171,NA,NA
1671,17626,3228,666,NA,NA,NA
1672,17300,1063,NA,33,NA,NA
1672,17599,2990,662,707,NA,NA
1672,17626,2990,NA,707,NA,NA
1677,17300,1063,NA,33,TRUE,NA
1677,17626,2990,NA,707,TRUE,NA
1684,17301,2615,NA,498,NA,NA
1684,17328,2615,NA,498,NA,NA
1684,17597,2615,NA,498,NA,NA
1685,17321,2151,NA,256,NA,NA
1685,17608,2151,NA,256,NA,NA
1691,17321,2790,NA,601,NA,NA
1691,17630,2790,NA,601,NA,NA
1693,17321,2794,797,605,NA,NA
1693,17601,2794,NA,605,NA,NA
1693,17630,2793,NA,604,NA,NA
1696,17321,2802,813,NA,FALSE,FALSE
1696,17601,2187,NA,283,FALSE,FALSE
1698,17322,2897,NA,NA,NA,NA
1698,17601,3019,817,NA,NA,NA
1706,17322,2162,NA,265,TRUE,NA
1706,17602,2826,534,624,TRUE,NA
1714,17322,2826,534,624,NA,NA
1714,17602,2826,534,624,NA,NA
1724,17323,2837,NA,632,NA,NA
1724,17605,2837,NA,632,NA,NA
1724,17620,2837,NA,632,NA,NA
1732,17327,2878,NA,655,NA,NA
1732,17605,2846,NA,638,NA,NA
1732,17625,2846,NA,638,NA,NA
1746,17300,2047,NA,218,NA,NA
1746,17599,2973,NA,703,NA,NA
1746,17626,2973,NA,703,NA,NA
1752,17304,2228,NA,323,TRUE,NA
1752,17595,2946,NA,NA,TRUE,NA
1755,16955,2471,NA,428,FALSE,FALSE
1755,17600,2724,NA,572,FALSE,FALSE
1755,17622,2472,NA,429,FALSE,FALSE
1756,16956,2474,NA,431,TRUE,NA
1756,17622,2731,NA,579,TRUE,NA
1757,16586,1130,NA,60,TRUE,NA
1757,16967,2287,NA,370,TRUE,NA
1758,16967,2579,NA,480,TRUE,NA
1758,17299,2589,NA,NA,TRUE,NA
1758,17622,3219,892,1028,TRUE,NA
1775,16955,2467,NA,424,NA,NA
1775,17600,2467,NA,424,NA,NA
1781,16587,2045,NA,217,NA,NA
1781,16942,2288,NA,371,NA,NA
1781,17598,2957,NA,693,NA,NA
1781,17622,2957,NA,693,NA,NA
1847,16959,2536,NA,NA,FALSE,FALSE
1847,17319,2763,NA,583,FALSE,FALSE
1848,16959,2546,740,463,TRUE,NA
1848,17319,2780,NA,NA,TRUE,NA
1851,16949,2316,NA,398,NA,NA
1851,16968,2316,NA,398,NA,NA
1851,17307,2317,NA,399,NA,NA
1851,17329,2317,NA,399,NA,NA
1919,17315,2699,NA,556,TRUE,NA
1919,17611,3158,1051,29,TRUE,NA
1972,17307,2646,380?,522,NA,NA
1972,17329,2646,NA,522,NA,NA
1973,17307,2645,376?,521,NA,NA
1973,17329,2645,NA,521,NA,NA
1974,17307,2317,NA,399,NA,NA
1974,17329,2317,NA,399,NA,NA
1974,17631,2661,NA,533,NA,NA
1981,17308,2660,NA,131,NA,NA
1981,17612,2659,1327,131,NA,NA
1982,17308,2660,NA,131,NA,NA
1982,17612,2659,1327,131,NA,NA
1982,17631,2659,NA,131,NA,NA
1989,17311,2664,NA,536,NA,NA
1989,17330,2664,NA,536,NA,NA
1991,17311,2669,NA,540,TRUE,NA
1991,17619,2671,NA,541,TRUE,NA
1993,17313,2674,392,542,NA,NA
1993,17613,2674,NA,542,NA,NA
2006,17316,2710,1048,NA,NA,NA
2006,17600,3010,NA,NA,NA,NA
2006,17611,3166,NA,NA,NA,NA
2007,17316,2716,NA,565,NA,NA
2007,17600,3009,239,NA,NA,NA
2007,17611,2716,NA,565,NA,NA
2009,17316,2715,NA,564,NA,NA
2009,17600,2715,NA,564,NA,NA
2010,17316,2076,NA,230,FALSE,FALSE
2010,17600,2715,NA,564,FALSE,FALSE
2011,17316,2076,NA,230,FALSE,FALSE
2011,17600,2461,NA,421,FALSE,FALSE
2011,17622,3213,NA,NA,FALSE,FALSE
2015,17316,2721,NA,NA,NA,NA
2015,17600,3004,NA,NA,NA,NA
2019,17316,2730,NA,578,TRUE,NA
2019,17622,3211,NA,NA,TRUE,NA
2021,17316,2735,NA,NA,FALSE,FALSE
2021,17600,2470,NA,427,FALSE,FALSE
2022,17316,2735,NA,NA,FALSE,FALSE
2022,17627,3002,NA,710,FALSE,FALSE
2025,17319,2765,NA,584,NA,NA
2025,17608,2763,NA,583,NA,NA
2025,17630,2763,NA,583,NA,NA
2037,17327,2865,NA,NA,NA,NA
2037,17627,3240,NA,NA,NA,NA
2040,17308,2281,NA,364,NA,NA
2040,17612,2281,NA,364,NA,NA
2040,17631,2281,NA,364,NA,NA
2134,16245,637,NA,921,NA,NA
2134,16586,2026,NA,199,NA,NA
2134,17328,2026,NA,199,NA,NA
2138,16597,2155,NA,260,TRUE,NA
2138,16959,2530,NA,456,TRUE,NA
2138,17320,2153,NA,258,TRUE,NA
2142,16956,2473,597,430,NA,NA
2142,17316,2731,NA,579,NA,NA
2142,17622,2731,NA,579,NA,NA
2151,16967,2578,NA,NA,NA,NA
2151,17598,2036,NA,208,NA,NA
2151,17622,3216,NA,NA,NA,NA
2153,16599,806,NA,273,NA,NA
2153,16933,2174,806,273,NA,NA
2160,17316,2461,NA,421,NA,NA
2160,17600,2461,NA,421,NA,NA
2160,17622,3213,NA,NA,NA,NA
2166,16933,2183,NA,NA,NA,NA
2166,16959,2553,NA,NA,NA,NA
2193,16955,2461,NA,421,TRUE,NA
2193,16956,2475,NA,432,TRUE,NA
2193,17316,2727,NA,575,TRUE,NA
2193,17622,2479,NA,435,TRUE,NA
2196,16947,1304,NA,116,FALSE,FALSE
2196,17309,2306,NA,387,FALSE,FALSE
2214,15855,249,NA,NA,NA,NA
2214,16587,1121,NA,55,NA,NA
2214,16956,2481,NA,437,NA,NA
2214,17316,2481,NA,437,NA,NA
2214,17600,3004,NA,NA,NA,NA
2234,16595,2134,NA,244,FALSE,TRUE
2234,16961,2135,NA,245,FALSE,TRUE
2263,16955,2470,NA,427,NA,NA
2263,17316,2735,NA,NA,NA,NA
2263,17316,2736,NA,NA,NA,NA
2263,17600,2999,NA,NA,NA,NA
2264,16948,2310,NA,392,NA,NA
2264,17325,2310,NA,392,NA,NA
2264,17593,2310,NA,392,NA,NA
2264,17619,2310,NA,392,NA,NA
2276,17598,2888,634,664,TRUE,NA
2276,17622,2590,NA,485,TRUE,NA
2277,16937,2238,359,333,TRUE,NA
2277,16957,2493,NA,446,TRUE,NA
2278,17608,3119,464,719,NA,NA
2278,17630,3119,NA,719,NA,NA
2279,17612,3171,NA,720,NA,NA
2279,17631,3171,NA,720,NA,NA
2281,16591,849,NA,340,NA,NA
2281,16938,2246,849,340,NA,NA
2281,16967,2246,NA,340,NA,NA
2283,16591,929,NA,1056,FALSE,FALSE
2283,16958,2504,NA,451,FALSE,FALSE
2284,16238,485,NA,309,NA,NA
2284,16935,2214,485,309,NA,NA
2284,17305,2214,NA,309,NA,NA
2285,16239,515,NA,839,TRUE,NA
2285,16590,1347,NA,138,TRUE,NA
2286,16595,2139,NA,NA,FALSE,FALSE
2286,16939,2262,447,790,FALSE,FALSE
2288,16593,1269,NA,98,NA,NA
2288,16947,2305,NA,98,NA,NA
2288,17309,2305,NA,98,NA,NA
2289,16593,2128,NA,NA,NA,NA
2289,16946,2299,NA,380,NA,NA
2289,17314,2299,NA,380,NA,NA
2289,17325,2299,NA,380,NA,NA
2290,16591,930,NA,452,NA,NA
2290,16958,2505,930,452,NA,NA
2291,16591,691,NA,450,NA,NA
2291,16958,2503,691,450,NA,NA
2292,16234,432,NA,781,TRUE,NA
2292,17594,2624,NA,504,TRUE,NA
2293,16590,505,NA,832,TRUE,NA
2293,16952,2426,NA,NA,TRUE,NA
2294,16587,1119,NA,52,FALSE,FALSE
2294,17598,2968,NA,700,FALSE,FALSE
2294,17626,3236,NA,NA,FALSE,FALSE
2295,16587,2055,NA,NA,FALSE,FALSE
2295,16967,2036,NA,208,FALSE,FALSE
2296,16585,426,NA,443,TRUE,NA
2296,16957,2490,428,444,TRUE,NA
2297,16585,427,NA,445,TRUE,NA
2297,16957,2490,428,444,TRUE,NA
2298,16594,903,NA,150,NA,NA
2298,16949,2317,NA,399,NA,NA
2298,16968,2317,NA,399,NA,NA
2299,16597,782,NA,993,TRUE,NA
2299,16959,2529,NA,NA,TRUE,NA
2301,16595,2138,NA,NA,NA,NA
2301,16939,2258,NA,NA,NA,NA
2302,16244,614,NA,NA,NA,NA
2302,16942,2284,1080,40,NA,NA
2302,16967,2575,1080,40,NA,NA
2302,17598,2283,NA,366,NA,NA
2303,16591,930,NA,452,NA,NA
2303,16958,2505,930,452,NA,NA
2304,16234,414,NA,327,NA,NA
2304,16585,881,NA,509,NA,NA
2304,16966,881,NA,509,NA,NA
2304,17304,2630,881,509,NA,NA
2304,17594,2630,881,509,NA,NA
2304,17607,2630,NA,509,NA,NA
2406,15853,181,NA,171,TRUE,NA
2406,15860,180,NA,170,TRUE,NA
2307,15859,311,NA,NA,FALSE,FALSE
2307,16233,406,NA,608,FALSE,FALSE
2380,15859,321,NA,NA,FALSE,FALSE
2380,16243,534,NA,624,FALSE,FALSE
2313,16244,628,NA,915,TRUE,NA
2313,16586,627,NA,63,TRUE,NA
2313,16942,2294,NA,377,TRUE,NA
2314,16244,605,NA,376,TRUE,NA
2314,16586,1133,NA,63,TRUE,NA
2315,16238,499,NA,313,NA,NA
2315,16584,478,NA,510,NA,NA
2315,16936,2222,479,318,NA,NA
2315,16966,2222,NA,318,NA,NA
2315,17305,2222,NA,318,NA,NA
2315,17595,2222,479,318,NA,NA
2317,16237,464,NA,719,TRUE,NA
2317,16599,2158,NA,NA,TRUE,NA
2318,16237,463,NA,805,NA,NA
2318,16599,807,NA,280,NA,NA
2318,16933,2184,807,280,NA,NA
2318,17608,2184,NA,280,NA,NA
2320,16237,456,NA,799,TRUE,NA
2320,16599,794,NA,275,TRUE,NA
2325,16234,435,NA,783,NA,NA
2325,16585,435,NA,783,NA,NA
2325,16966,2572,110,477,NA,NA
2325,17304,2572,NA,477,NA,NA
2325,17607,2572,NA,477,NA,NA
2326,16234,421,NA,771,TRUE,NA
2326,16585,876,NA,1019,TRUE,NA
2327,16234,418,NA,1017,TRUE,NA
2327,16585,417,NA,505,TRUE,NA
2386,16228,376,NA,134,NA,NA
2386,16583,1338,NA,134,NA,NA
2330,16244,613,NA,906,TRUE,NA
2330,16587,890,NA,210,TRUE,NA
2466,16584,2002,NA,179,NA,NA
2466,16934,2002,NA,179,NA,NA
2466,16966,2002,NA,179,NA,NA
2466,17621,2002,NA,179,NA,NA
2333,15851,82,NA,NA,NA,NA
2333,16233,394,NA,471,NA,NA
2333,16597,394,NA,471,NA,NA
2333,16961,2560,757,470,NA,NA
2730,16233,395,76,646,TRUE,NA
2730,16597,756,NA,982,TRUE,NA
2338,15856,276,NA,NA,FALSE,FALSE
2338,16234,430,279,779,FALSE,FALSE
2546,16590,1350,NA,139,FALSE,FALSE
2546,16958,2512,NA,NA,FALSE,FALSE
2347,16586,2031,NA,203,FALSE,FALSE
2347,17598,2967,NA,NA,FALSE,FALSE
2414,16595,2137,NA,NA,FALSE,FALSE
2414,16961,2554,NA,468,FALSE,FALSE
2529,16961,2136,NA,246,TRUE,NA
2529,17620,2133,NA,243,TRUE,NA
2412,16597,395,NA,646,FALSE,TRUE
2412,16961,2559,NA,NA,FALSE,TRUE
2413,16597,394,NA,471,TRUE,NA
2413,16961,2560,757,470,TRUE,NA
2399,16597,757,NA,470,NA,NA
2399,16961,2560,757,470,NA,NA
2399,17613,2560,757,470,NA,NA
2358,16234,414,NA,327,TRUE,NA
2358,16585,419,NA,769,TRUE,NA
2358,17304,2624,420,504,TRUE,NA
2358,17594,2238,NA,333,TRUE,NA
2360,16934,2202,NA,298,FALSE,FALSE
2360,17595,2201,NA,297,FALSE,FALSE
2365,16233,406,NA,608,NA,NA
2365,16599,406,NA,608,NA,NA
2431,16584,2013,484,190,TRUE,NA
2431,16934,2014,NA,191,TRUE,NA
2367,15859,326,NA,NA,FALSE,FALSE
2367,16243,543,NA,856,FALSE,FALSE
2368,16233,395,76,646,TRUE,NA
2368,16597,756,NA,982,TRUE,NA
2369,16239,512,NA,NA,NA,NA
2369,16590,2112,NA,NA,NA,NA
2370,16237,462,NA,804,TRUE,NA
2370,16599,464,NA,719,TRUE,NA
2371,16243,542,NA,855,NA,NA
2371,16600,542,NA,855,NA,NA
2372,16233,412,NA,763,FALSE,FALSE
2372,16600,769,NA,NA,FALSE,FALSE
2373,16244,618,NA,NA,FALSE,FALSE
2373,16586,2033,NA,205,FALSE,FALSE
2377,16599,401,NA,278,TRUE,NA
2377,16933,2178,402,276,TRUE,NA
2411,16584,2005,NA,182,NA,NA
2411,16934,2005,NA,182,NA,NA
2379,16244,617,NA,908,TRUE,NA
2379,16586,1105,NA,50,TRUE,NA
2381,16245,635,NA,919,TRUE,NA
2381,16586,2038,890,210,TRUE,NA
2429,16253,129,NA,111,NA,NA
2429,16586,2036,NA,208,NA,NA
2429,16967,2036,NA,208,NA,NA
2724,15851,80,NA,1002,FALSE,TRUE
2724,16233,395,76,646,FALSE,TRUE
2387,16244,619,NA,909,TRUE,NA
2387,16586,1105,NA,50,TRUE,NA
2408,16591,930,NA,452,NA,NA
2408,16958,2505,930,452,NA,NA
2733,16591,930,NA,452,NA,NA
2733,16958,2505,930,452,NA,NA
2735,16591,691,NA,450,NA,NA
2735,16958,2503,691,450,NA,NA
2432,16591,692,NA,947,FALSE,FALSE
2432,16958,2504,NA,451,FALSE,FALSE
2734,16591,930,NA,452,NA,NA
2734,16958,2505,930,452,NA,NA
2397,16950,2131,NA,241,NA,NA
2397,17307,2655,NA,529,NA,NA
2397,17329,2655,NA,529,NA,NA
2397,17612,2131,NA,241,NA,NA
2398,17329,2912,NA,NA,NA,NA
2398,17612,3170,NA,NA,NA,NA
2543,17595,2201,NA,297,NA,NA
2543,17607,2201,NA,297,NA,NA
2403,16934,495,NA,513,TRUE,NA
2403,17621,2195,NA,290,TRUE,NA
2404,16587,2058,NA,NA,FALSE,FALSE
2404,16955,2462,NA,422,FALSE,FALSE
2405,16233,407,NA,758,TRUE,NA
2405,16599,808,NA,NA,TRUE,NA
2407,16599,532,NA,845,NA,NA
2407,17322,2816,NA,617,NA,NA
2407,17602,2816,NA,617,NA,NA
2409,16597,394,NA,471,TRUE,NA
2409,16961,2560,757,470,TRUE,NA
2416,16584,969,NA,303,NA,NA
2416,16935,1026,NA,13,NA,NA
2416,16966,2566,950,472,NA,NA
2416,17597,2566,NA,472,NA,NA
2417,16583,776,NA,390,NA,NA
2417,16948,2309,NA,390,NA,NA
2417,17298,2309,NA,390,NA,NA
2417,17330,2309,NA,390,NA,NA
2417,17593,2309,776,390,NA,NA
2747,16595,445,NA,352,NA,NA
2747,16939,2263,445,352,NA,NA
2420,16595,446,NA,789,FALSE,TRUE
2420,16939,2263,445,352,FALSE,TRUE
2422,16595,2143,NA,NA,NA,NA
2422,17604,3065,1228,NA,NA,NA
2424,16585,363,NA,731,NA,NA
2424,16957,2490,428,444,NA,NA
2424,17301,2489,NA,443,NA,NA
2424,17306,2485,NA,439,NA,NA
2424,17595,2489,426,443,NA,NA
2425,16583,1285,NA,107,FALSE,FALSE
2425,16948,2312,NA,394,FALSE,FALSE
2426,16583,1285,NA,107,FALSE,FALSE
2426,16948,2313,NA,395,FALSE,FALSE
2426,17325,2311,NA,393,FALSE,FALSE
2427,16232,386,NA,741,NA,NA
2427,16591,849,NA,340,NA,NA
2427,16938,2246,849,340,NA,NA
2427,16967,2246,NA,340,NA,NA
2428,16587,1098,NA,45,NA,NA
2428,16955,2463,1098,45,NA,NA
2428,17600,2993,NA,708,NA,NA
2430,16586,1126,NA,58,TRUE,NA
2430,16967,2577,1127,479,TRUE,NA
2433,17612,2281,NA,364,NA,NA
2433,17631,2281,NA,364,NA,NA
2434,17608,2535,NA,460,NA,NA
2434,17630,2535,NA,460,NA,NA
2545,16233,405,NA,756,TRUE,NA
2545,16599,809,NA,606,TRUE,NA
2746,16233,403,NA,755,TRUE,NA
2746,16599,402,NA,276,TRUE,NA
2447,16228,375,NA,NA,NA,NA
2447,16583,776,NA,390,NA,NA
2447,16948,2309,NA,390,NA,NA
2447,17298,2309,NA,390,NA,NA
2505,16593,1269,NA,98,NA,NA
2505,16947,2304,704,385,NA,NA
2505,17309,2305,NA,98,NA,NA
2527,16956,2480,1122,56,NA,NA
2527,17316,2724,337?,572,NA,NA
2527,17600,2724,NA,572,NA,NA
2527,17622,2472,NA,429,NA,NA
2758,16587,1098,NA,45,TRUE,NA
2758,16955,2462,NA,422,TRUE,NA
2725,16244,607,NA,59,TRUE,NA
2725,16586,1131,NA,61,TRUE,NA
2736,16590,2115,NA,NA,NA,NA
2736,16952,2426,NA,NA,NA,NA
2489,16949,2318,377,400,NA,NA
2489,17307,2319,NA,401,NA,NA
2489,17329,2319,NA,401,NA,NA
2772,16934,2191,NA,286,NA,NA
2772,16966,2563,966,691,NA,NA
2772,17597,2948,966,691,NA,NA
2538,16586,2035,NA,207,TRUE,NA
2538,16967,2036,NA,208,TRUE,NA
2538,17622,2964,NA,698,TRUE,NA
2496,16939,2266,NA,353,NA,NA
2496,17613,2266,NA,353,NA,NA
2497,16939,2267,NA,354,TRUE,NA
2497,17613,3175,77,NA,TRUE,NA
2499,16599,798,NA,999,TRUE,NA
2499,16933,2175,NA,274,TRUE,NA
2503,16935,971,NA,716,NA,NA
2503,17607,3109,971,716,NA,NA
2504,16600,2166,NA,268,TRUE,NA
2504,17602,3033,767,NA,TRUE,NA
2524,16946,2298,NA,379,TRUE,NA
2524,17615,3193,700,NA,TRUE,NA
2511,16935,2207,727,302,NA,NA
2511,16966,2207,NA,302,NA,NA
2514,16935,2001,NA,178,NA,NA
2514,17607,2001,NA,178,NA,NA
2548,16935,2211,NA,306,NA,NA
2548,17301,2618,NA,501,NA,NA
2548,17328,2618,NA,501,NA,NA
2552,16957,2072,NA,229,NA,NA
2552,17316,2072,NA,229,NA,NA
2552,17600,3011,NA,NA,NA,NA
2744,16237,456,NA,799,NA,NA
2744,16599,794,NA,275,NA,NA
2744,16933,2177,794,275,NA,NA
2542,15852,123,NA,91,NA,NA
2542,15860,123,NA,91,NA,NA
2759,16583,1288,NA,109,NA,NA
2759,17311,2668,NA,539,NA,NA
2759,17330,2668,NA,539,NA,NA
2556,16586,2027,NA,NA,FALSE,FALSE
2556,17328,2886,NA,662,FALSE,FALSE
2558,16245,651,NA,931,TRUE,NA
2558,16586,1134,NA,64,TRUE,NA
2558,17328,2890,625,198,TRUE,NA
2559,16237,455,NA,798,TRUE,NA
2559,16599,808,NA,NA,TRUE,NA
2559,17321,2795,809,606,TRUE,NA
2560,16244,627,NA,63,NA,NA
2560,16586,2026,NA,199,NA,NA
2560,17328,2026,NA,199,NA,NA
2560,17599,2974,672,62,NA,NA
2562,16955,2469,600,425,TRUE,NA
2562,17327,2468,NA,NA,TRUE,NA
2563,16955,2060,NA,222,TRUE,NA
2563,17327,2865,NA,NA,TRUE,NA
2581,16961,2564,NA,NA,FALSE,FALSE
2581,17313,2680,NA,544,FALSE,FALSE
2565,16244,614,NA,NA,NA,NA
2565,16942,2284,1080,40,NA,NA
2565,16967,2575,1080,40,NA,NA
2565,17299,2285,NA,368,NA,NA
2565,17598,2283,NA,366,NA,NA
2565,17622,3220,NA,NA,NA,NA
2665,16934,495,NA,513,TRUE,NA
2665,17305,2195,NA,290,TRUE,NA
2691,16934,2014,NA,191,NA,NA
2691,17301,2618,NA,501,NA,NA
2691,17328,2618,NA,501,NA,NA
2691,17607,2008,NA,185,NA,NA
2569,16584,1028,NA,15,FALSE,FALSE
2569,16934,1027,NA,14,FALSE,FALSE
2569,17302,2010,NA,187,FALSE,FALSE
2570,16934,2201,960,297,NA,NA
2570,17301,2201,NA,297,NA,NA
2625,16584,942,NA,1062,FALSE,TRUE
2625,16934,2201,960,297,FALSE,TRUE
2625,17301,2613,NA,496,FALSE,TRUE
2625,17597,2615,NA,498,FALSE,TRUE
2690,16934,2201,960,297,TRUE,NA
2690,17301,2617,NA,500,TRUE,NA
2690,17595,2014,NA,191,TRUE,NA
2666,16934,495,NA,513,TRUE,NA
2666,17306,2194,NA,289,TRUE,NA
2585,16957,2500,NA,449,TRUE,NA
2585,17316,2708,NA,563,TRUE,NA
2575,17307,2652,NA,527,FALSE,FALSE
2575,17612,3170,NA,NA,FALSE,FALSE
2576,17313,2681,NA,NA,NA,NA
2576,17613,3178,NA,NA,NA,NA
2577,17326,2858,NA,648,TRUE,NA
2577,17613,2857,NA,647,TRUE,NA
2769,17311,2670,NA,NA,NA,NA
2769,17619,3200,NA,NA,NA,NA
2740,17313,2675,452,795,FALSE,FALSE
2740,17613,2674,NA,542,FALSE,FALSE
2646,17313,2675,452,795,FALSE,FALSE
2646,17613,3176,2673,NA,FALSE,FALSE
2649,17314,2686,NA,NA,NA,NA
2649,17615,2685,NA,545,NA,NA
2649,17631,2685,NA,545,NA,NA
2583,17315,2696,NA,553,NA,NA
2583,17611,2696,NA,553,NA,NA
2584,17315,2700,NA,559,NA,NA
2584,17611,2700,NA,559,NA,NA
2645,17316,2711,NA,NA,FALSE,FALSE
2645,17611,2716,NA,565,FALSE,FALSE
2657,17316,2726,1071,574,TRUE,NA
2657,17622,3210,NA,NA,TRUE,NA
2588,17319,2765,NA,584,NA,NA
2588,17608,2763,NA,583,NA,NA
2588,17630,2763,NA,583,NA,NA
2606,16597,2150,NA,255,NA,NA
2606,17320,2150,NA,255,NA,NA
2643,17320,2530,NA,456,NA,NA
2643,17608,2530,NA,456,NA,NA
2641,17320,2781,NA,595,TRUE,NA
2641,17608,2151,NA,256,TRUE,NA
2653,17323,2846,NA,638,TRUE,NA
2653,17605,3076,NA,NA,TRUE,NA
2654,17323,2847,NA,639,NA,NA
2654,17605,2847,NA,639,NA,NA
2719,17327,2869,NA,NA,NA,NA
2719,17605,3077,NA,NA,NA,NA
2597,17298,2310,NA,392,NA,NA
2597,17325,2310,NA,392,NA,NA
2597,17593,2310,NA,392,NA,NA
2597,17619,2310,NA,392,NA,NA
2598,17299,2579,NA,480,TRUE,NA
2598,17598,2887,NA,663,TRUE,NA
2598,17622,2965,181,171,TRUE,NA
2642,17321,2782,NA,596,FALSE,FALSE
2642,17608,2530,NA,456,FALSE,FALSE
2602,16585,921,NA,1053,FALSE,FALSE
2602,17304,2226,NA,321,FALSE,FALSE
2603,16585,417,NA,505,TRUE,NA
2603,17304,430,NA,779,TRUE,NA
2604,16585,426,NA,443,TRUE,NA
2604,17301,2491,NA,445,TRUE,NA
2605,16597,793,NA,996,FALSE,TRUE
2605,17326,2857,992,647,FALSE,TRUE
2607,16935,729,NA,473,TRUE,NA
2607,16966,2208,NA,303,TRUE,NA
2608,16586,1138,NA,66,NA,NA
2608,17328,2894,1138,66,NA,NA
2711,17305,2217,NA,312,NA,NA
2711,17594,2217,NA,312,NA,NA
2754,17300,2603,NA,NA,FALSE,FALSE
2754,17598,2959,1127,479,FALSE,FALSE
2615,17328,2886,NA,662,FALSE,FALSE
2615,17599,2886,625,198,FALSE,FALSE
2616,16593,701,NA,387,NA,NA
2616,16947,2306,701,387,NA,NA
2616,17309,2307,NA,115,NA,NA
2617,17319,2157,NA,262,NA,NA
2617,17608,2157,NA,262,NA,NA
2617,17630,2157,NA,262,NA,NA
2618,16959,2161,NA,264,FALSE,FALSE
2618,17319,2776,NA,593,FALSE,FALSE
2619,16959,2548,NA,465,NA,NA
2619,17319,2774,NA,591,NA,NA
2619,17608,2774,741,465,NA,NA
2619,17630,2774,NA,591,NA,NA
2620,16959,2149,NA,254,NA,NA
2620,17321,2149,NA,254,NA,NA
2620,17608,2150,NA,255,NA,NA
2620,17630,2150,NA,255,NA,NA
2622,16585,881,NA,509,NA,NA
2622,16966,881,NA,509,NA,NA
2622,17301,2617,NA,500,NA,NA
2623,16600,766,NA,622,NA,NA
2623,17322,2822,760,622,NA,NA
2623,17602,2822,766,622,NA,NA
2624,16584,479,NA,318,NA,NA
2624,16966,2222,NA,318,NA,NA
2624,17305,2222,NA,318,NA,NA
2668,16593,1304,NA,116,NA,NA
2668,16947,1304,NA,116,NA,NA
2668,17309,2306,NA,387,NA,NA
2692,16966,2010,NA,187,NA,NA
2692,17302,2620,1029,16,NA,NA
2692,17597,2620,1029,16,NA,NA
2692,17621,2620,1029,16,NA,NA
2707,16966,2567,NA,NA,FALSE,FALSE
2707,17328,2192,NA,287,FALSE,FALSE
2706,16942,2294,NA,377,TRUE,NA
2706,17328,2905,NA,NA,TRUE,NA
2672,16957,2072,NA,229,TRUE,NA
2672,17316,2704,NA,NA,TRUE,NA
2640,16957,2500,NA,449,NA,NA
2640,17316,2708,NA,563,NA,NA
2640,17600,3014,NA,NA,NA,NA
2640,17611,2708,NA,563,NA,NA
2647,17313,2673,1461,NA,FALSE,FALSE
2647,17613,2674,NA,542,FALSE,FALSE
2648,17326,2861,NA,NA,FALSE,FALSE
2648,17613,2862,392,542,FALSE,FALSE
2650,17322,2813,319,NA,FALSE,FALSE
2650,17602,2812,NA,616,FALSE,FALSE
2651,17321,2797,NA,607,TRUE,NA
2651,17601,2798,NA,608,TRUE,NA
2651,17630,2790,NA,601,TRUE,NA
2696,17327,2875,NA,653,NA,NA
2696,17605,2875,NA,653,NA,NA
2655,17309,2304,NA,385,TRUE,NA
2655,17616,2305,1269,98,TRUE,NA
2656,17311,2313,NA,395,FALSE,FALSE
2656,17619,2669,NA,540,FALSE,FALSE
2712,16959,2157,NA,262,NA,NA
2712,17319,2157,NA,262,NA,NA
2712,17608,2157,NA,262,NA,NA
2712,17630,2157,NA,262,NA,NA
2750,16961,2557,NA,NA,FALSE,FALSE
2750,17326,2856,395,646,FALSE,FALSE
2686,16942,2282,NA,365,TRUE,NA
2686,17299,2591,NA,486,TRUE,NA
2720,16584,2011,NA,188,TRUE,NA
2720,17301,2211,NA,306,TRUE,NA
2703,16942,2029,NA,201,NA,NA
2703,17328,2029,NA,201,NA,NA
2705,16942,2294,NA,377,NA,NA
2705,17328,2294,NA,377,NA,NA
2755,17329,2912,NA,NA,NA,NA
2755,17612,3169,NA,NA,NA,NA
2756,17307,2655,NA,529,NA,NA
2756,17329,2655,NA,529,NA,NA
986112100164868,16966,2216,NA,311,TRUE,NA
986112100164868,17305,2633,NA,NA,TRUE,NA
986112100164868,17305,2570,NA,476,TRUE,NA
986112100164868,17594,2944,NA,690,TRUE,NA
985153000403761,16938,2240,NA,336,NA,NA
985153000403761,16967,2240,NA,336,NA,NA
985153000356731,16959,2157,NA,262,TRUE,NA
985153000356731,17319,2763,NA,583,TRUE,NA
985153000369925,16957,2499,NA,448,TRUE,NA
985153000369925,17316,2500,NA,449,TRUE,NA
985153000406299,16957,2487,913,441,NA,NA
985153000406299,17595,2487,NA,441,NA,NA
985153000401769,16939,2264,NA,NA,NA,NA
985153000401769,17604,3060,NA,NA,NA,NA
985153000404088,16939,2259,NA,348,TRUE,NA
985153000404088,17604,3056,NA,NA,TRUE,NA
985153000405499,16938,2242,NA,337,NA,NA
985153000405499,16967,2242,NA,337,NA,NA
986112100166148,16966,2568,970,473,TRUE,NA
986112100166148,17607,2208,969,303,TRUE,NA
985153000404499,16938,2243,389,338,NA,NA
985153000404499,16967,2243,NA,338,NA,NA
985153000370198,16959,2550,466,466,NA,NA
985153000370198,17319,2551,NA,466,NA,NA
985153000370198,17608,2550,468,466,NA,NA
985153000355839,16959,2531,NA,457,TRUE,NA
985153000355839,17321,2151,NA,256,TRUE,NA
985153000375914,16584,2010,NA,187,NA,NA
985153000375914,16966,2010,NA,187,NA,NA
985153000375914,17302,2620,1029,16,NA,NA
985153000375914,17597,2620,1029,16,NA,NA
985153000375914,17621,2620,1029,16,NA,NA
985153000407303,16936,2015,NA,192,FALSE,FALSE
985153000407303,17607,2211,NA,306,FALSE,FALSE
985153000402631,16936,2216,476,311,NA,NA
985153000402631,16966,2216,NA,311,NA,NA
985153000402631,17305,2216,NA,311,NA,NA
985153000402631,17594,2216,476,311,NA,NA
985153000403821,16959,2530,NA,456,TRUE,NA
985153000403821,17608,2153,NA,258,TRUE,NA
985153000403605,16940,2275,NA,NA,FALSE,FALSE
985153000403605,17308,2662,1952,534,FALSE,FALSE
985153000403605,17612,2661,NA,533,FALSE,FALSE
985153000352306,16937,2021,NA,195,TRUE,NA
985153000352306,17305,2631,919,1051,TRUE,NA
985153000352306,17594,2943,NA,NA,TRUE,NA
986112100172294,16966,2204,NA,300,NA,NA
986112100172294,17302,2205,NA,301,NA,NA
986112100172294,17597,2204,NA,300,NA,NA
986112100163663,16966,2220,NA,316,TRUE,NA
986112100163663,17305,2633,NA,NA,TRUE,NA
986112100163663,17305,2570,NA,476,TRUE,NA
985153000406793,16936,2219,NA,314,NA,NA
985153000406793,17305,2219,NA,314,NA,NA
985153000406793,17594,2944,NA,690,NA,NA
985153000401241,16588,2063,NA,224,TRUE,NA
985153000401241,17315,2699,NA,556,TRUE,NA
985153000401241,17597,2950,NA,692,TRUE,NA
985153000405269,16957,2477,878,433,TRUE,NA
985153000405269,17301,2485,NA,439,TRUE,NA
985153000402306,16585,2019,NA,NA,FALSE,FALSE
985153000402306,17304,2624,420,504,FALSE,FALSE
985153000370668,16955,2448,955,NA,NA,NA
985153000370668,17614,3188,NA,NA,NA,NA
985153000401598,16942,2029,NA,201,NA,NA
985153000401598,17328,2029,NA,201,NA,NA
985153000401598,17599,2978,NA,NA,NA,NA
982126052950991,17600,3002,NA,710,NA,NA
982126052950991,17627,3002,NA,710,NA,NA
985153000355459,16956,2481,NA,437,NA,NA
985153000355459,17316,2481,NA,437,NA,NA
985153000355459,17600,2720,NA,569,NA,NA
985153000355459,17622,2720,NA,569,NA,NA
982126052951073,17600,3006,NA,NA,FALSE,FALSE
982126052951073,17627,2728,NA,576,FALSE,FALSE
982000411818581,17322,2823,NA,73,TRUE,NA
982000411818581,17602,2821,2163,266,TRUE,NA
986112100172301,17332,2923,NA,681,NA,NA
986112100172301,17605,2923,1459,681,NA,NA
986112100172301,17625,2923,1459,681,NA,NA
982000411818488,17304,2227,NA,322,FALSE,FALSE
982000411818488,17595,2226,NA,321,FALSE,FALSE
982000411818534,17315,2690,NA,NA,FALSE,FALSE
982000411818534,17611,2702,NA,561,FALSE,FALSE
982000411818572,17321,2149,NA,254,NA,NA
982000411818572,17608,2788,NA,600,NA,NA
982000411818572,17630,2788,NA,600,NA,NA
982000411818494,17314,2302,NA,383,NA,NA
982000411818494,17615,2302,NA,383,NA,NA
985153000371766,16593,702,NA,955,NA,NA
985153000371766,16947,2306,701,387,NA,NA
985153000371766,17309,2307,NA,115,NA,NA
985153000371766,17616,2307,1303,115,NA,NA
982126052697406,17599,2986,NA,706,NA,NA
982126052697406,17626,2986,NA,706,NA,NA
982126052697419,17599,2904,NA,671,TRUE,NA
982126052697419,17626,3237,NA,NA,TRUE,NA
982000411818637,17608,2150,NA,255,NA,NA
982000411818637,17630,2150,NA,255,NA,NA
986112100165030,17327,2060,NA,222,FALSE,FALSE
986112100165030,17600,2864,NA,650,FALSE,FALSE
982000411818504,17301,2215,NA,310,FALSE,FALSE
982000411818504,17597,2614,NA,497,FALSE,FALSE
986112100172338,17328,2596,NA,489,NA,NA
986112100172338,17598,2596,NA,489,NA,NA
986112100164084,17332,2931,NA,684,NA,NA
986112100164084,17604,2931,NA,684,NA,NA
982000411818601,17323,2837,NA,632,TRUE,NA
982000411818601,17620,3203,NA,NA,TRUE,NA
982126052697421,17599,2983,NA,705,NA,NA
982126052697421,17626,2983,NA,705,NA,NA
986112100168403,17319,2774,NA,591,NA,NA
986112100168403,17608,2774,741,465,NA,NA
986112100168403,17630,2774,NA,591,NA,NA
982000411818594,17321,2793,NA,604,NA,NA
982000411818594,17601,2795,809,606,NA,NA
982000411818594,17630,2795,NA,606,NA,NA
985153000373100,17321,2179,NA,277,NA,NA
985153000373100,17601,2179,810,277,NA,NA
985153000407066,16936,2223,940,319,TRUE,NA
985153000407066,17595,2222,479,318,TRUE,NA
986112100169386,17322,2821,762,266,NA,NA
986112100169386,17602,2821,2163,266,NA,NA
986112100172006,17594,2939,NA,NA,FALSE,FALSE
986112100172006,17607,2625,NA,505,FALSE,FALSE
982126052697376,17599,2885,NA,661,TRUE,NA
982126052697376,17626,2973,NA,703,TRUE,NA
982000411818618,17323,2846,NA,638,NA,NA
982000411818618,17605,2846,NA,638,NA,NA
982000411818611,17321,2792,NA,603,TRUE,NA
982000411818611,17601,2794,NA,605,TRUE,NA
982000411818611,17630,2793,NA,604,TRUE,NA
982000411818571,17315,2691,NA,548,TRUE,NA
982000411818571,17611,2694,NA,551,TRUE,NA
982126052697434,17597,2640,NA,19,NA,NA
982126052697434,17621,2640,NA,19,NA,NA
986112100164101,17332,2933,441,686,NA,NA
986112100164101,17604,2933,441,686,NA,NA
982000411818575,17315,2691,NA,548,TRUE,NA
982000411818575,17611,2694,NA,551,TRUE,NA
986112100163289,17313,2673,1461,NA,NA,NA
986112100163289,17613,3176,2673,NA,NA,NA
982000411818588,17315,2690,NA,NA,FALSE,FALSE
982000411818588,17615,2688,NA,546,FALSE,FALSE
982000411818483,17301,2611,NA,494,NA,NA
982000411818483,17595,2611,429,494,NA,NA
986112100172739,17332,2928,NA,683,NA,NA
986112100172739,17604,2928,NA,683,NA,NA
986112100175698,17601,2185,NA,281,TRUE,NA
986112100175698,17630,3015,NA,NA,TRUE,NA
982000411818438,17300,2602,NA,492,TRUE,NA
982000411818438,17626,3230,1146,72,TRUE,NA
982000411818438,17626,3229,NA,NA,TRUE,NA
982126052697418,17599,2975,NA,704,NA,NA
982126052697418,17626,2975,NA,704,NA,NA
982000411818450,17314,2302,NA,383,NA,NA
982000411818450,17615,2302,NA,383,NA,NA
986112100163135,17313,2266,NA,353,NA,NA
986112100163135,17613,2266,NA,353,NA,NA
982126052697430,17601,2177,NA,275,TRUE,NA
982126052697430,17630,2175,NA,274,TRUE,NA
982000411818484,17301,2012,NA,189,NA,NA
982000411818484,17328,2012,NA,189,NA,NA
982000411818484,17597,2011,NA,188,NA,NA
985153000351496,16936,2217,NA,312,NA,NA
985153000351496,17305,2217,NA,312,NA,NA
986112100172380,17311,2271,NA,359,NA,NA
986112100172380,17330,2271,NA,359,NA,NA
986112100177486,17319,2776,NA,593,TRUE,NA
986112100177486,17630,2550,NA,466,TRUE,NA
985153000354371,16959,2532,NA,458,NA,NA
985153000354371,17321,2532,NA,458,NA,NA
986112100171820,17328,2215,NA,310,FALSE,FALSE
986112100171820,17597,2011,NA,188,FALSE,FALSE
982126052951087,17605,2840,NA,636,NA,NA
982126052951087,17620,2840,NA,636,NA,NA
982000411818448,17301,2012,NA,189,NA,NA
982000411818448,17328,2012,NA,189,NA,NA
982126052697394,17599,2983,NA,705,NA,NA
982126052697394,17626,2983,NA,705,NA,NA
986112100172598,17332,2936,NA,688,NA,NA
986112100172598,17605,2936,NA,688,NA,NA
982126052951068,17600,2461,NA,421,NA,NA
982126052951068,17622,2461,NA,421,NA,NA
